[{"model": "admin.logentry", "pk": 1, "fields": {"action_time": "2025-06-26T02:53:27.784Z", "user": 1, "content_type": 13, "object_id": "5", "object_repr": "CartItem object (5)", "action_flag": 3, "change_message": ""}}, {"model": "admin.logentry", "pk": 2, "fields": {"action_time": "2025-06-26T02:53:27.784Z", "user": 1, "content_type": 13, "object_id": "4", "object_repr": "CartItem object (4)", "action_flag": 3, "change_message": ""}}, {"model": "admin.logentry", "pk": 3, "fields": {"action_time": "2025-06-26T02:53:27.784Z", "user": 1, "content_type": 13, "object_id": "3", "object_repr": "CartItem object (3)", "action_flag": 3, "change_message": ""}}, {"model": "admin.logentry", "pk": 4, "fields": {"action_time": "2025-06-26T02:53:27.784Z", "user": 1, "content_type": 13, "object_id": "2", "object_repr": "CartItem object (2)", "action_flag": 3, "change_message": ""}}, {"model": "admin.logentry", "pk": 5, "fields": {"action_time": "2025-06-26T02:53:27.784Z", "user": 1, "content_type": 13, "object_id": "1", "object_repr": "CartItem object (1)", "action_flag": 3, "change_message": ""}}, {"model": "admin.logentry", "pk": 6, "fields": {"action_time": "2025-06-26T02:58:05.473Z", "user": 1, "content_type": 13, "object_id": "6", "object_repr": "CartItem object (6)", "action_flag": 3, "change_message": ""}}, {"model": "admin.logentry", "pk": 7, "fields": {"action_time": "2025-06-26T04:41:58.323Z", "user": 1, "content_type": 16, "object_id": "3", "object_repr": "Receipt for Customer 1 - Total: 39.98", "action_flag": 3, "change_message": ""}}, {"model": "admin.logentry", "pk": 8, "fields": {"action_time": "2025-06-26T04:41:58.324Z", "user": 1, "content_type": 16, "object_id": "2", "object_repr": "Receipt for Customer 1 - Total: 39.98", "action_flag": 3, "change_message": ""}}, {"model": "admin.logentry", "pk": 9, "fields": {"action_time": "2025-06-26T04:41:58.324Z", "user": 1, "content_type": 16, "object_id": "1", "object_repr": "Receipt for Customer 1 - Total: 119.94", "action_flag": 3, "change_message": ""}}, {"model": "admin.logentry", "pk": 10, "fields": {"action_time": "2025-06-26T06:25:50.050Z", "user": 1, "content_type": 16, "object_id": "9", "object_repr": "Receipt for Customer 1 - Total: 99.95", "action_flag": 3, "change_message": ""}}, {"model": "admin.logentry", "pk": 11, "fields": {"action_time": "2025-06-26T06:25:50.050Z", "user": 1, "content_type": 16, "object_id": "8", "object_repr": "Receipt for Customer 1 - Total: 99.95", "action_flag": 3, "change_message": ""}}, {"model": "admin.logentry", "pk": 12, "fields": {"action_time": "2025-06-26T06:25:50.050Z", "user": 1, "content_type": 16, "object_id": "7", "object_repr": "Receipt for Customer 1 - Total: 199.90", "action_flag": 3, "change_message": ""}}, {"model": "admin.logentry", "pk": 13, "fields": {"action_time": "2025-06-26T06:25:50.050Z", "user": 1, "content_type": 16, "object_id": "6", "object_repr": "Receipt for Customer 1 - Total: 99.95", "action_flag": 3, "change_message": ""}}, {"model": "admin.logentry", "pk": 14, "fields": {"action_time": "2025-06-26T06:25:50.050Z", "user": 1, "content_type": 16, "object_id": "5", "object_repr": "Receipt for Customer 1 - Total: 99.95", "action_flag": 3, "change_message": ""}}, {"model": "admin.logentry", "pk": 15, "fields": {"action_time": "2025-06-26T06:25:50.050Z", "user": 1, "content_type": 16, "object_id": "4", "object_repr": "Receipt for Customer 1 - Total: 39.98", "action_flag": 3, "change_message": ""}}, {"model": "admin.logentry", "pk": 16, "fields": {"action_time": "2025-06-26T06:42:54.752Z", "user": 1, "content_type": 13, "object_id": "2", "object_repr": "CartItem object (2)", "action_flag": 3, "change_message": ""}}, {"model": "admin.logentry", "pk": 17, "fields": {"action_time": "2025-06-26T06:42:54.752Z", "user": 1, "content_type": 13, "object_id": "1", "object_repr": "CartItem object (1)", "action_flag": 3, "change_message": ""}}, {"model": "admin.logentry", "pk": 18, "fields": {"action_time": "2025-06-26T06:43:07.593Z", "user": 1, "content_type": 15, "object_id": "11", "object_repr": "2 x Kimi no Suizou wo Tabetai (I Want to Eat Your Pancreas) at 19.99 each", "action_flag": 3, "change_message": ""}}, {"model": "admin.logentry", "pk": 19, "fields": {"action_time": "2025-06-26T06:43:07.593Z", "user": 1, "content_type": 15, "object_id": "10", "object_repr": "6 x Your Name at 19.99 each", "action_flag": 3, "change_message": ""}}, {"model": "admin.logentry", "pk": 20, "fields": {"action_time": "2025-06-26T06:43:07.593Z", "user": 1, "content_type": 15, "object_id": "9", "object_repr": "2 x Kimi no Suizou wo Tabetai (I Want to Eat Your Pancreas) at 19.99 each", "action_flag": 3, "change_message": ""}}, {"model": "admin.logentry", "pk": 21, "fields": {"action_time": "2025-06-26T06:43:07.593Z", "user": 1, "content_type": 15, "object_id": "8", "object_repr": "4 x Your Name at 19.99 each", "action_flag": 3, "change_message": ""}}, {"model": "admin.logentry", "pk": 22, "fields": {"action_time": "2025-06-26T06:58:31.684Z", "user": 1, "content_type": 13, "object_id": "4", "object_repr": "CartItem object (4)", "action_flag": 3, "change_message": ""}}, {"model": "admin.logentry", "pk": 23, "fields": {"action_time": "2025-06-26T06:58:31.684Z", "user": 1, "content_type": 13, "object_id": "3", "object_repr": "CartItem object (3)", "action_flag": 3, "change_message": ""}}, {"model": "admin.logentry", "pk": 24, "fields": {"action_time": "2025-06-26T07:17:59.373Z", "user": 1, "content_type": 14, "object_id": "1", "object_repr": "Your Name", "action_flag": 1, "change_message": "[{\"added\": {}}]"}}, {"model": "admin.logentry", "pk": 25, "fields": {"action_time": "2025-06-26T07:18:11.259Z", "user": 1, "content_type": 14, "object_id": "2", "object_repr": "The Shining", "action_flag": 1, "change_message": "[{\"added\": {}}]"}}, {"model": "admin.logentry", "pk": 26, "fields": {"action_time": "2025-06-26T07:18:31.297Z", "user": 1, "content_type": 14, "object_id": "3", "object_repr": "Sherlock Holmes", "action_flag": 1, "change_message": "[{\"added\": {}}]"}}, {"model": "admin.logentry", "pk": 27, "fields": {"action_time": "2025-06-26T07:18:50.784Z", "user": 1, "content_type": 14, "object_id": "4", "object_repr": "Harry Potter", "action_flag": 1, "change_message": "[{\"added\": {}}]"}}, {"model": "auth.permission", "pk": 1, "fields": {"name": "Can add log entry", "content_type": 1, "codename": "add_logentry"}}, {"model": "auth.permission", "pk": 2, "fields": {"name": "Can change log entry", "content_type": 1, "codename": "change_logentry"}}, {"model": "auth.permission", "pk": 3, "fields": {"name": "Can delete log entry", "content_type": 1, "codename": "delete_logentry"}}, {"model": "auth.permission", "pk": 4, "fields": {"name": "Can view log entry", "content_type": 1, "codename": "view_logentry"}}, {"model": "auth.permission", "pk": 5, "fields": {"name": "Can add permission", "content_type": 2, "codename": "add_permission"}}, {"model": "auth.permission", "pk": 6, "fields": {"name": "Can change permission", "content_type": 2, "codename": "change_permission"}}, {"model": "auth.permission", "pk": 7, "fields": {"name": "Can delete permission", "content_type": 2, "codename": "delete_permission"}}, {"model": "auth.permission", "pk": 8, "fields": {"name": "Can view permission", "content_type": 2, "codename": "view_permission"}}, {"model": "auth.permission", "pk": 9, "fields": {"name": "Can add group", "content_type": 3, "codename": "add_group"}}, {"model": "auth.permission", "pk": 10, "fields": {"name": "Can change group", "content_type": 3, "codename": "change_group"}}, {"model": "auth.permission", "pk": 11, "fields": {"name": "Can delete group", "content_type": 3, "codename": "delete_group"}}, {"model": "auth.permission", "pk": 12, "fields": {"name": "Can view group", "content_type": 3, "codename": "view_group"}}, {"model": "auth.permission", "pk": 13, "fields": {"name": "Can add user", "content_type": 4, "codename": "add_user"}}, {"model": "auth.permission", "pk": 14, "fields": {"name": "Can change user", "content_type": 4, "codename": "change_user"}}, {"model": "auth.permission", "pk": 15, "fields": {"name": "Can delete user", "content_type": 4, "codename": "delete_user"}}, {"model": "auth.permission", "pk": 16, "fields": {"name": "Can view user", "content_type": 4, "codename": "view_user"}}, {"model": "auth.permission", "pk": 17, "fields": {"name": "Can add content type", "content_type": 5, "codename": "add_contenttype"}}, {"model": "auth.permission", "pk": 18, "fields": {"name": "Can change content type", "content_type": 5, "codename": "change_contenttype"}}, {"model": "auth.permission", "pk": 19, "fields": {"name": "Can delete content type", "content_type": 5, "codename": "delete_contenttype"}}, {"model": "auth.permission", "pk": 20, "fields": {"name": "Can view content type", "content_type": 5, "codename": "view_contenttype"}}, {"model": "auth.permission", "pk": 21, "fields": {"name": "Can add session", "content_type": 6, "codename": "add_session"}}, {"model": "auth.permission", "pk": 22, "fields": {"name": "Can change session", "content_type": 6, "codename": "change_session"}}, {"model": "auth.permission", "pk": 23, "fields": {"name": "Can delete session", "content_type": 6, "codename": "delete_session"}}, {"model": "auth.permission", "pk": 24, "fields": {"name": "Can view session", "content_type": 6, "codename": "view_session"}}, {"model": "auth.permission", "pk": 25, "fields": {"name": "Can add author", "content_type": 7, "codename": "add_author"}}, {"model": "auth.permission", "pk": 26, "fields": {"name": "Can change author", "content_type": 7, "codename": "change_author"}}, {"model": "auth.permission", "pk": 27, "fields": {"name": "Can delete author", "content_type": 7, "codename": "delete_author"}}, {"model": "auth.permission", "pk": 28, "fields": {"name": "Can view author", "content_type": 7, "codename": "view_author"}}, {"model": "auth.permission", "pk": 29, "fields": {"name": "Can add category", "content_type": 8, "codename": "add_category"}}, {"model": "auth.permission", "pk": 30, "fields": {"name": "Can change category", "content_type": 8, "codename": "change_category"}}, {"model": "auth.permission", "pk": 31, "fields": {"name": "Can delete category", "content_type": 8, "codename": "delete_category"}}, {"model": "auth.permission", "pk": 32, "fields": {"name": "Can view category", "content_type": 8, "codename": "view_category"}}, {"model": "auth.permission", "pk": 33, "fields": {"name": "Can add customer", "content_type": 9, "codename": "add_customer"}}, {"model": "auth.permission", "pk": 34, "fields": {"name": "Can change customer", "content_type": 9, "codename": "change_customer"}}, {"model": "auth.permission", "pk": 35, "fields": {"name": "Can delete customer", "content_type": 9, "codename": "delete_customer"}}, {"model": "auth.permission", "pk": 36, "fields": {"name": "Can view customer", "content_type": 9, "codename": "view_customer"}}, {"model": "auth.permission", "pk": 37, "fields": {"name": "Can add product", "content_type": 10, "codename": "add_product"}}, {"model": "auth.permission", "pk": 38, "fields": {"name": "Can change product", "content_type": 10, "codename": "change_product"}}, {"model": "auth.permission", "pk": 39, "fields": {"name": "Can delete product", "content_type": 10, "codename": "delete_product"}}, {"model": "auth.permission", "pk": 40, "fields": {"name": "Can view product", "content_type": 10, "codename": "view_product"}}, {"model": "auth.permission", "pk": 41, "fields": {"name": "Can add publisher", "content_type": 11, "codename": "add_publisher"}}, {"model": "auth.permission", "pk": 42, "fields": {"name": "Can change publisher", "content_type": 11, "codename": "change_publisher"}}, {"model": "auth.permission", "pk": 43, "fields": {"name": "Can delete publisher", "content_type": 11, "codename": "delete_publisher"}}, {"model": "auth.permission", "pk": 44, "fields": {"name": "Can view publisher", "content_type": 11, "codename": "view_publisher"}}, {"model": "auth.permission", "pk": 45, "fields": {"name": "Can add cart", "content_type": 12, "codename": "add_cart"}}, {"model": "auth.permission", "pk": 46, "fields": {"name": "Can change cart", "content_type": 12, "codename": "change_cart"}}, {"model": "auth.permission", "pk": 47, "fields": {"name": "Can delete cart", "content_type": 12, "codename": "delete_cart"}}, {"model": "auth.permission", "pk": 48, "fields": {"name": "Can view cart", "content_type": 12, "codename": "view_cart"}}, {"model": "auth.permission", "pk": 49, "fields": {"name": "Can add cart item", "content_type": 13, "codename": "add_cartitem"}}, {"model": "auth.permission", "pk": 50, "fields": {"name": "Can change cart item", "content_type": 13, "codename": "change_cartitem"}}, {"model": "auth.permission", "pk": 51, "fields": {"name": "Can delete cart item", "content_type": 13, "codename": "delete_cartitem"}}, {"model": "auth.permission", "pk": 52, "fields": {"name": "Can view cart item", "content_type": 13, "codename": "view_cartitem"}}, {"model": "auth.permission", "pk": 53, "fields": {"name": "Can add book", "content_type": 14, "codename": "add_book"}}, {"model": "auth.permission", "pk": 54, "fields": {"name": "Can change book", "content_type": 14, "codename": "change_book"}}, {"model": "auth.permission", "pk": 55, "fields": {"name": "Can delete book", "content_type": 14, "codename": "delete_book"}}, {"model": "auth.permission", "pk": 56, "fields": {"name": "Can view book", "content_type": 14, "codename": "view_book"}}, {"model": "auth.permission", "pk": 57, "fields": {"name": "Can add receipt item", "content_type": 15, "codename": "add_receiptitem"}}, {"model": "auth.permission", "pk": 58, "fields": {"name": "Can change receipt item", "content_type": 15, "codename": "change_receiptitem"}}, {"model": "auth.permission", "pk": 59, "fields": {"name": "Can delete receipt item", "content_type": 15, "codename": "delete_receiptitem"}}, {"model": "auth.permission", "pk": 60, "fields": {"name": "Can view receipt item", "content_type": 15, "codename": "view_receiptitem"}}, {"model": "auth.permission", "pk": 61, "fields": {"name": "Can add receipt", "content_type": 16, "codename": "add_receipt"}}, {"model": "auth.permission", "pk": 62, "fields": {"name": "Can change receipt", "content_type": 16, "codename": "change_receipt"}}, {"model": "auth.permission", "pk": 63, "fields": {"name": "Can delete receipt", "content_type": 16, "codename": "delete_receipt"}}, {"model": "auth.permission", "pk": 64, "fields": {"name": "Can view receipt", "content_type": 16, "codename": "view_receipt"}}, {"model": "auth.user", "pk": 1, "fields": {"password": "pbkdf2_sha256$1000000$fyJjzcKh9Bl1oepZfTplAK$bVS9bFuLD4sLkLsYbkI6KoCQjPjBu8tedX/QLtp2hLc=", "last_login": "2025-06-24T10:25:26.842Z", "is_superuser": true, "username": "akerman0509", "first_name": "", "last_name": "", "email": "", "is_staff": true, "is_active": true, "date_joined": "2025-06-24T10:25:15.155Z", "groups": [], "user_permissions": []}}, {"model": "contenttypes.contenttype", "pk": 1, "fields": {"app_label": "admin", "model": "logentry"}}, {"model": "contenttypes.contenttype", "pk": 2, "fields": {"app_label": "auth", "model": "permission"}}, {"model": "contenttypes.contenttype", "pk": 3, "fields": {"app_label": "auth", "model": "group"}}, {"model": "contenttypes.contenttype", "pk": 4, "fields": {"app_label": "auth", "model": "user"}}, {"model": "contenttypes.contenttype", "pk": 5, "fields": {"app_label": "contenttypes", "model": "contenttype"}}, {"model": "contenttypes.contenttype", "pk": 6, "fields": {"app_label": "sessions", "model": "session"}}, {"model": "contenttypes.contenttype", "pk": 7, "fields": {"app_label": "my_app", "model": "author"}}, {"model": "contenttypes.contenttype", "pk": 8, "fields": {"app_label": "my_app", "model": "category"}}, {"model": "contenttypes.contenttype", "pk": 9, "fields": {"app_label": "my_app", "model": "customer"}}, {"model": "contenttypes.contenttype", "pk": 10, "fields": {"app_label": "my_app", "model": "product"}}, {"model": "contenttypes.contenttype", "pk": 11, "fields": {"app_label": "my_app", "model": "publisher"}}, {"model": "contenttypes.contenttype", "pk": 12, "fields": {"app_label": "my_app", "model": "cart"}}, {"model": "contenttypes.contenttype", "pk": 13, "fields": {"app_label": "my_app", "model": "cartitem"}}, {"model": "contenttypes.contenttype", "pk": 14, "fields": {"app_label": "my_app", "model": "book"}}, {"model": "contenttypes.contenttype", "pk": 15, "fields": {"app_label": "my_app", "model": "receiptitem"}}, {"model": "contenttypes.contenttype", "pk": 16, "fields": {"app_label": "my_app", "model": "receipt"}}, {"model": "sessions.session", "pk": "iwx9ooffm9bw7h9qd8oczfjl2pek3ymf", "fields": {"session_data": ".eJxVjDsOwjAQBe_iGllOvP5R0nMGa-1d4wBypDipEHeHSCmgfTPzXiLitta4dV7iROIsBnH63RLmB7cd0B3bbZZ5busyJbkr8qBdXmfi5-Vw_w4q9vqtAyXIIxdldCAMNoMPY8aUAEgprRQ7Q4XBO0fWOsAyKCij9sYmQmbx_gDutDg2:1uU0qE:ByW18dSUshqW0sj74GLJLIwYFnIA4pnEMTtaJp1ZLDY", "expire_date": "2025-07-08T10:25:26.846Z"}}, {"model": "my_app.author", "pk": 1, "fields": {"name": "Author 1", "email": "author1@gmail.com"}}, {"model": "my_app.author", "pk": 2, "fields": {"name": "Author 2", "email": "author2@gmail.com"}}, {"model": "my_app.author", "pk": 3, "fields": {"name": "Author 3", "email": "author3@gmail.com"}}, {"model": "my_app.author", "pk": 4, "fields": {"name": "Author 4", "email": "author4@gmail.com"}}, {"model": "my_app.publisher", "pk": 1, "fields": {"name": "Publisher 1", "address": "Address 1"}}, {"model": "my_app.publisher", "pk": 2, "fields": {"name": "Publisher 2", "address": "Address 2"}}, {"model": "my_app.publisher", "pk": 3, "fields": {"name": "Publisher 3", "address": "Address 3"}}, {"model": "my_app.publisher", "pk": 4, "fields": {"name": "Publisher 4", "address": "Address 4"}}, {"model": "my_app.category", "pk": 1, "fields": {"name": "Horror"}}, {"model": "my_app.category", "pk": 2, "fields": {"name": "Romance"}}, {"model": "my_app.category", "pk": 3, "fields": {"name": "Thriller"}}, {"model": "my_app.category", "pk": 4, "fields": {"name": "Fantasy"}}, {"model": "my_app.book", "pk": 1, "fields": {"title": "Your Name", "price": "20.00", "author": 1, "publisher": 1, "category": [2]}}, {"model": "my_app.book", "pk": 2, "fields": {"title": "The Shining", "price": "12.00", "author": 2, "publisher": 2, "category": [1]}}, {"model": "my_app.book", "pk": 3, "fields": {"title": "Sherlock Holmes", "price": "24.00", "author": 3, "publisher": 4, "category": [3]}}, {"model": "my_app.book", "pk": 4, "fields": {"title": "Harry Potter", "price": "35.00", "author": 4, "publisher": 4, "category": [4]}}, {"model": "my_app.customer", "pk": 1, "fields": {"name": "Customer 1"}}, {"model": "my_app.customer", "pk": 2, "fields": {"name": "Customer 2"}}, {"model": "my_app.customer", "pk": 3, "fields": {"name": "Customer 3"}}, {"model": "my_app.customer", "pk": 4, "fields": {"name": "Customer 4"}}, {"model": "my_app.product", "pk": 1, "fields": {"name": "The 5th Wave", "price": "89.00", "stock": 93}}, {"model": "my_app.product", "pk": 2, "fields": {"name": "The Golden Compass", "price": "34.00", "stock": 50}}, {"model": "my_app.product", "pk": 3, "fields": {"name": "Harry Potter", "price": "16.00", "stock": 103}}, {"model": "my_app.product", "pk": 4, "fields": {"name": "Thirteen Reasons Why", "price": "80.00", "stock": 50}}, {"model": "my_app.product", "pk": 5, "fields": {"name": "One Hundred Years of Solitude", "price": "25.00", "stock": 103}}, {"model": "my_app.product", "pk": 6, "fields": {"name": "The Perks of Being a Wallflower", "price": "17.00", "stock": 105}}, {"model": "my_app.product", "pk": 7, "fields": {"name": "Verity", "price": "17.00", "stock": 198}}, {"model": "my_app.product", "pk": 8, "fields": {"name": "Norwegian Wood", "price": "15.00", "stock": 105}}, {"model": "my_app.product", "pk": 10, "fields": {"name": "An Ember in the Ashes", "price": "73.00", "stock": 181}}, {"model": "my_app.product", "pk": 11, "fields": {"name": "Paper Towns", "price": "79.00", "stock": 162}}, {"model": "my_app.product", "pk": 12, "fields": {"name": "Spirited Away: The Novel", "price": "90.00", "stock": 111}}, {"model": "my_app.product", "pk": 13, "fields": {"name": "Before the Coffee Gets Cold", "price": "40.00", "stock": 60}}, {"model": "my_app.product", "pk": 14, "fields": {"name": "Battle Royale", "price": "25.00", "stock": 138}}, {"model": "my_app.product", "pk": 15, "fields": {"name": "Eragon", "price": "86.00", "stock": 89}}, {"model": "my_app.product", "pk": 16, "fields": {"name": "The Maze Runner", "price": "48.00", "stock": 91}}, {"model": "my_app.product", "pk": 17, "fields": {"name": "The Chronicles of Narnia", "price": "70.00", "stock": 68}}, {"model": "my_app.product", "pk": 18, "fields": {"name": "Eleanor & Park", "price": "23.00", "stock": 79}}, {"model": "my_app.product", "pk": 19, "fields": {"name": "Where the Crawdads Sing", "price": "55.00", "stock": 125}}, {"model": "my_app.product", "pk": 20, "fields": {"name": "Attack on Titan: Before the Fall", "price": "28.00", "stock": 69}}, {"model": "my_app.product", "pk": 21, "fields": {"name": "A Silent Voice", "price": "49.00", "stock": 131}}, {"model": "my_app.product", "pk": 22, "fields": {"name": "Brave New World", "price": "54.00", "stock": 80}}, {"model": "my_app.product", "pk": 27, "fields": {"name": "Cinder (The Lunar Chronicles)", "price": "38.00", "stock": 181}}, {"model": "my_app.product", "pk": 28, "fields": {"name": "Divergent", "price": "89.00", "stock": 51}}, {"model": "my_app.product", "pk": 30, "fields": {"name": "To All the Boys I've Loved Before", "price": "13.00", "stock": 101}}, {"model": "my_app.product", "pk": 38, "fields": {"name": "The Alchemist", "price": "96.00", "stock": 124}}, {"model": "my_app.product", "pk": 39, "fields": {"name": "The Giver", "price": "89.00", "stock": 94}}, {"model": "my_app.product", "pk": 40, "fields": {"name": "The Catcher in the Rye", "price": "39.00", "stock": 193}}, {"model": "my_app.product", "pk": 41, "fields": {"name": "Five Feet Apart", "price": "41.00", "stock": 158}}, {"model": "my_app.product", "pk": 43, "fields": {"name": "The Selection", "price": "27.00", "stock": 68}}, {"model": "my_app.product", "pk": 44, "fields": {"name": "The Little Prince", "price": "94.00", "stock": 196}}, {"model": "my_app.product", "pk": 47, "fields": {"name": "Percy Jackson & the Olympians", "price": "20.00", "stock": 140}}, {"model": "my_app.product", "pk": 48, "fields": {"name": "The Book Thief", "price": "10.00", "stock": 138}}, {"model": "my_app.product", "pk": 51, "fields": {"name": "Shadow and Bone", "price": "67.00", "stock": 87}}, {"model": "my_app.product", "pk": 52, "fields": {"name": "A Court of Thorns and Roses", "price": "100.00", "stock": 171}}, {"model": "my_app.product", "pk": 54, "fields": {"name": "Twilight", "price": "16.00", "stock": 141}}, {"model": "my_app.product", "pk": 68, "fields": {"name": "If I Stay", "price": "97.00", "stock": 155}}, {"model": "my_app.product", "pk": 69, "fields": {"name": "Beautiful Creatures", "price": "50.00", "stock": 175}}, {"model": "my_app.product", "pk": 70, "fields": {"name": "City of Bones (The Mortal Instruments)", "price": "28.00", "stock": 185}}, {"model": "my_app.product", "pk": 78, "fields": {"name": "Weathering With You", "price": "22.00", "stock": 197}}, {"model": "my_app.product", "pk": 80, "fields": {"name": "The Hunger Games", "price": "61.00", "stock": 130}}, {"model": "my_app.product", "pk": 82, "fields": {"name": "The Fault in Our Stars", "price": "22.00", "stock": 170}}, {"model": "my_app.product", "pk": 84, "fields": {"name": "Kafka on the Shore", "price": "97.00", "stock": 95}}, {"model": "my_app.product", "pk": 88, "fields": {"name": "The Host", "price": "50.00", "stock": 171}}, {"model": "my_app.product", "pk": 89, "fields": {"name": "Your Name", "price": "39.00", "stock": 182}}, {"model": "my_app.product", "pk": 90, "fields": {"name": "It Ends With Us", "price": "28.00", "stock": 188}}, {"model": "my_app.product", "pk": 108, "fields": {"name": "Miss Peregrine’s Home for Peculiar Children", "price": "87.00", "stock": 129}}, {"model": "my_app.product", "pk": 124, "fields": {"name": "Looking for Alaska", "price": "51.00", "stock": 146}}, {"model": "my_app.product", "pk": 145, "fields": {"name": "Kimi no Suizou wo Tabetai (I Want to Eat Your Pancreas)", "price": "39.00", "stock": 94}}, {"model": "my_app.product", "pk": 163, "fields": {"name": "1984", "price": "68.00", "stock": 113}}, {"model": "my_app.product", "pk": 166, "fields": {"name": "Red Queen", "price": "60.00", "stock": 142}}, {"model": "my_app.cart", "pk": 1, "fields": {"customer": 1, "name": "Cart of Customer 1"}}, {"model": "my_app.cart", "pk": 2, "fields": {"customer": 2, "name": "Cart of Customer 2"}}, {"model": "my_app.cart", "pk": 3, "fields": {"customer": 3, "name": "Cart of Customer 3"}}, {"model": "my_app.cart", "pk": 4, "fields": {"customer": 4, "name": "Cart of Customer 4"}}, {"model": "my_app.cartitem", "pk": 5, "fields": {"cart": 1, "product": 89, "quantity": 2, "unit_price": "39.00", "checkout_status": true}}, {"model": "my_app.cartitem", "pk": 6, "fields": {"cart": 1, "product": 54, "quantity": 2, "unit_price": "16.00", "checkout_status": true}}, {"model": "my_app.cartitem", "pk": 7, "fields": {"cart": 1, "product": 54, "quantity": 1, "unit_price": "16.00", "checkout_status": true}}, {"model": "my_app.cartitem", "pk": 8, "fields": {"cart": 1, "product": 89, "quantity": 1, "unit_price": "39.00", "checkout_status": true}}, {"model": "my_app.cartitem", "pk": 9, "fields": {"cart": 1, "product": 89, "quantity": 2, "unit_price": "39.00", "checkout_status": true}}, {"model": "my_app.cartitem", "pk": 10, "fields": {"cart": 1, "product": 89, "quantity": 1, "unit_price": "39.00", "checkout_status": true}}, {"model": "my_app.receipt", "pk": 10, "fields": {"cart": 1, "total_amount": "119.94", "created_at": "2025-06-26T06:26:17.999Z"}}, {"model": "my_app.receipt", "pk": 11, "fields": {"cart": 1, "total_amount": "159.92", "created_at": "2025-06-26T06:32:16.512Z"}}, {"model": "my_app.receipt", "pk": 12, "fields": {"cart": 1, "total_amount": "79.96", "created_at": "2025-06-26T06:43:34.770Z"}}, {"model": "my_app.receipt", "pk": 13, "fields": {"cart": 1, "total_amount": "110.00", "created_at": "2025-06-26T06:59:49.461Z"}}, {"model": "my_app.receipt", "pk": 14, "fields": {"cart": 1, "total_amount": "55.00", "created_at": "2025-06-26T07:03:50.687Z"}}, {"model": "my_app.receipt", "pk": 15, "fields": {"cart": 1, "total_amount": "78.00", "created_at": "2025-06-26T07:04:14.164Z"}}, {"model": "my_app.receipt", "pk": 16, "fields": {"cart": 1, "total_amount": "39.00", "created_at": "2025-06-26T07:06:05.494Z"}}, {"model": "my_app.receiptitem", "pk": 12, "fields": {"receipt": 12, "product": 89, "quantity": 2, "unit_price": "19.99"}}, {"model": "my_app.receiptitem", "pk": 13, "fields": {"receipt": 12, "product": 145, "quantity": 2, "unit_price": "19.99"}}, {"model": "my_app.receiptitem", "pk": 14, "fields": {"receipt": 13, "product": 89, "quantity": 2, "unit_price": "39.00"}}, {"model": "my_app.receiptitem", "pk": 15, "fields": {"receipt": 13, "product": 54, "quantity": 2, "unit_price": "16.00"}}, {"model": "my_app.receiptitem", "pk": 16, "fields": {"receipt": 14, "product": 54, "quantity": 1, "unit_price": "16.00"}}, {"model": "my_app.receiptitem", "pk": 17, "fields": {"receipt": 14, "product": 89, "quantity": 1, "unit_price": "39.00"}}, {"model": "my_app.receiptitem", "pk": 18, "fields": {"receipt": 15, "product": 89, "quantity": 2, "unit_price": "39.00"}}, {"model": "my_app.receiptitem", "pk": 19, "fields": {"receipt": 16, "product": 89, "quantity": 1, "unit_price": "39.00"}}]